,index,State,Year,Quater,Latitude,Longitude,Transaction_count,Transaction_amount,code
0,0,Andaman & Nicobar,2018,1,10.0001051,93.0000194,6658,14631761.22198579,AN
1,1,Andaman & Nicobar,2018,2,10.0001051,93.0000194,11340,28338535.507953543,AD
2,2,Andaman & Nicobar,2018,3,10.0001051,93.0000194,16265,55557471.1343111,AR
3,3,Andaman & Nicobar,2018,4,10.0001051,93.0000194,23758,90548336.07445519,AS
4,4,Andaman & Nicobar,2019,1,10.0001051,93.0000194,30486,102299740.67348987,BR
5,5,Andaman & Nicobar,2019,2,10.0001051,93.0000194,33689,120254709.67566319,CH
6,6,Andaman & Nicobar,2019,3,10.0001051,93.0000194,33770,114071776.08729394,CG
7,7,Andaman & Nicobar,2019,4,10.0001051,93.0000194,35159,136838530.5173779,DNHDD
8,8,Andaman & Nicobar,2020,1,10.0001051,93.0000194,41298,161476312.29727465,DL
9,9,Andaman & Nicobar,2020,2,10.0001051,93.0000194,62962,169645001.41414708,GA
10,10,Andaman & Nicobar,2020,3,10.0001051,93.0000194,117483,338019446.3303604,GJ
11,11,Andaman & Nicobar,2020,4,10.0001051,93.0000194,224531,627282656.3148525,HR
12,12,Andaman & Nicobar,2021,1,10.0001051,93.0000194,244752,783706567.3897556,HP
13,13,Andaman & Nicobar,2021,2,10.0001051,93.0000194,341414,899147016.1122961,JK
14,14,Andaman & Nicobar,2021,3,10.0001051,93.0000194,449764,1310024395.8016036,JH
15,15,Andaman & Nicobar,2021,4,10.0001051,93.0000194,636123,1932610101.3236573,KA
16,16,Andaman & Nicobar,2022,1,10.0001051,93.0000194,794748,2129030202.0751672,KL
17,17,Andaman & Nicobar,2022,2,10.0001051,93.0000194,1071217,2685920350.080266,LA
18,18,Andaman & Nicobar,2022,3,10.0001051,93.0000194,1584379,3310631772.1373873,LD
19,19,Andaman & Nicobar,2022,4,10.0001051,93.0000194,1987535,3984674404.4287868,MP
20,20,Andhra Pradesh,2018,1,15.9240905,80.1863809,9039585,11996276391.823305,MH
21,21,Andhra Pradesh,2018,2,15.9240905,80.1863809,12353918,22883914272.633064,MN
22,22,Andhra Pradesh,2018,3,15.9240905,80.1863809,25626061,35718044599.21493,ML
23,23,Andhra Pradesh,2018,4,15.9240905,80.1863809,30759548,51473779406.841,MZ
24,24,Andhra Pradesh,2019,1,15.9240905,80.1863809,57264522,83760595917.0764,NL
25,25,Andhra Pradesh,2019,2,15.9240905,80.1863809,56409015,113634518758.22995,OD
26,26,Andhra Pradesh,2019,3,15.9240905,80.1863809,76288614,139447944254.79395,PY
27,27,Andhra Pradesh,2019,4,15.9240905,80.1863809,107218103,200948315488.79117,PB
28,28,Andhra Pradesh,2020,1,15.9240905,80.1863809,127677357,252737214289.0628,RJ
29,29,Andhra Pradesh,2020,2,15.9240905,80.1863809,144917855,302583689746.5638,SK
30,30,Andhra Pradesh,2020,3,15.9240905,80.1863809,204902935,467084130584.9084,TN
31,31,Andhra Pradesh,2020,4,15.9240905,80.1863809,286118552,654841546033.3309,TS
32,32,Andhra Pradesh,2021,1,15.9240905,80.1863809,289747970,672444670176.6162,TR
33,33,Andhra Pradesh,2021,2,15.9240905,80.1863809,352767134,850737499108.2452,UP
34,34,Andhra Pradesh,2021,3,15.9240905,80.1863809,432032550,984218035564.1165,UK
35,35,Andhra Pradesh,2021,4,15.9240905,80.1863809,522254003,1156264447083.98,WB
36,36,Andhra Pradesh,2022,1,15.9240905,80.1863809,582603911,1294320646554.8762,
37,37,Andhra Pradesh,2022,2,15.9240905,80.1863809,671134030,1479853948202.9336,
38,38,Andhra Pradesh,2022,3,15.9240905,80.1863809,642855035,1385077409712.1433,
39,39,Andhra Pradesh,2022,4,15.9240905,80.1863809,690017077,1424725083041.656,
40,40,Arunachal Pradesh,2018,1,28.0937702,94.5921326,45497,92387336.00940917,
41,41,Arunachal Pradesh,2018,2,28.0937702,94.5921326,82157,198970192.34204647,
42,42,Arunachal Pradesh,2018,3,28.0937702,94.5921326,131146,331726406.74139136,
43,43,Arunachal Pradesh,2018,4,28.0937702,94.5921326,176429,504040029.0917603,
44,44,Arunachal Pradesh,2019,1,28.0937702,94.5921326,226506,609950106.3139497,
45,45,Arunachal Pradesh,2019,2,28.0937702,94.5921326,258656,752655874.3550282,
46,46,Arunachal Pradesh,2019,3,28.0937702,94.5921326,370234,912645034.7958703,
47,47,Arunachal Pradesh,2019,4,28.0937702,94.5921326,459475,1190573179.5272827,
48,48,Arunachal Pradesh,2020,1,28.0937702,94.5921326,567175,1381758681.330147,
49,49,Arunachal Pradesh,2020,2,28.0937702,94.5921326,808774,1826716832.9849634,
50,50,Arunachal Pradesh,2020,3,28.0937702,94.5921326,962827,2609938565.5582175,
51,51,Arunachal Pradesh,2020,4,28.0937702,94.5921326,1209129,3570264021.845619,
52,52,Arunachal Pradesh,2021,1,28.0937702,94.5921326,1177456,3813779079.016644,
53,53,Arunachal Pradesh,2021,2,28.0937702,94.5921326,1568338,4456425616.994382,
54,54,Arunachal Pradesh,2021,3,28.0937702,94.5921326,1906967,5678124175.29882,
55,55,Arunachal Pradesh,2021,4,28.0937702,94.5921326,2390598,6943510352.611348,
56,56,Arunachal Pradesh,2022,1,28.0937702,94.5921326,2804068,7828091628.087365,
57,57,Arunachal Pradesh,2022,2,28.0937702,94.5921326,3556925,9131665374.225864,
58,58,Arunachal Pradesh,2022,3,28.0937702,94.5921326,3939418,9025110785.048607,
59,59,Arunachal Pradesh,2022,4,28.0937702,94.5921326,4632709,9684909697.502253,
60,60,Assam,2018,1,26.4073841,93.2551303,1056881,1157804456.2124681,
61,61,Assam,2018,2,26.4073841,93.2551303,1663873,2350585135.537794,
62,62,Assam,2018,3,26.4073841,93.2551303,2351851,3811134989.9142737,
63,63,Assam,2018,4,26.4073841,93.2551303,3734172,5888022859.013107,
64,64,Assam,2019,1,26.4073841,93.2551303,4533005,8002099536.450851,
65,65,Assam,2019,2,26.4073841,93.2551303,5454929,10954969189.12621,
66,66,Assam,2019,3,26.4073841,93.2551303,5942571,12950443620.426498,
67,67,Assam,2019,4,26.4073841,93.2551303,6760510,15281983895.512075,
68,68,Assam,2020,1,26.4073841,93.2551303,8808860,20668428347.729244,
69,69,Assam,2020,2,26.4073841,93.2551303,10505199,19766300125.919445,
70,70,Assam,2020,3,26.4073841,93.2551303,12397711,29831391259.544067,
71,71,Assam,2020,4,26.4073841,93.2551303,15423454,40226611319.26421,
72,72,Assam,2021,1,26.4073841,93.2551303,19512060,51326464546.122375,
73,73,Assam,2021,2,26.4073841,93.2551303,25432905,59192473376.66383,
74,74,Assam,2021,3,26.4073841,93.2551303,33504441,75700499273.30763,
75,75,Assam,2021,4,26.4073841,93.2551303,46020361,104184967893.21544,
76,76,Assam,2022,1,26.4073841,93.2551303,58889886,132280437892.70285,
77,77,Assam,2022,2,26.4073841,93.2551303,76334725,153111042086.78342,
78,78,Assam,2022,3,26.4073841,93.2551303,86113811,161489079054.8985,
79,79,Assam,2022,4,26.4073841,93.2551303,103981267,192653519187.5461,
80,80,Bihar,2018,1,25.6440845,85.906508,5824302,6045758172.017141,
81,81,Bihar,2018,2,25.6440845,85.906508,8632378,13506131109.672049,
82,82,Bihar,2018,3,25.6440845,85.906508,14367804,20135804378.901344,
83,83,Bihar,2018,4,25.6440845,85.906508,15732401,28397997168.577694,
84,84,Bihar,2019,1,25.6440845,85.906508,26356234,41502827514.52625,
85,85,Bihar,2019,2,25.6440845,85.906508,29960479,63132438283.54189,
86,86,Bihar,2019,3,25.6440845,85.906508,32139900,67692783254.27892,
87,87,Bihar,2019,4,25.6440845,85.906508,43530314,93313426577.80928,
88,88,Bihar,2020,1,25.6440845,85.906508,45081815,109256853527.2461,
89,89,Bihar,2020,2,25.6440845,85.906508,53386742,128806523628.84401,
90,90,Bihar,2020,3,25.6440845,85.906508,71503748,173328865111.8184,
91,91,Bihar,2020,4,25.6440845,85.906508,96591673,238905613136.47278,
92,92,Bihar,2021,1,25.6440845,85.906508,114932477,280973649701.2281,
93,93,Bihar,2021,2,25.6440845,85.906508,155603622,374580255186.5789,
94,94,Bihar,2021,3,25.6440845,85.906508,187671113,397062760956.41205,
95,95,Bihar,2021,4,25.6440845,85.906508,245126945,519371614068.76184,
96,96,Bihar,2022,1,25.6440845,85.906508,284390434,611411695731.1459,
97,97,Bihar,2022,2,25.6440845,85.906508,360145029,754461454966.1401,
98,98,Bihar,2022,3,25.6440845,85.906508,437367385,791446486557.9155,
99,99,Bihar,2022,4,25.6440845,85.906508,517084649,936012149674.8322,
100,100,Chandigarh,2018,1,30.72984395,76.78414567016054,381895,613435420.8676233,
101,101,Chandigarh,2018,2,30.72984395,76.78414567016054,479084,961223261.7447294,
102,102,Chandigarh,2018,3,30.72984395,76.78414567016054,616936,1369354447.5343113,
103,103,Chandigarh,2018,4,30.72984395,76.78414567016054,905116,2032591591.7799747,
104,104,Chandigarh,2019,1,30.72984395,76.78414567016054,1274476,2396032050.444029,
105,105,Chandigarh,2019,2,30.72984395,76.78414567016054,1252470,2693116098.9444556,
106,106,Chandigarh,2019,3,30.72984395,76.78414567016054,1506543,3269682087.660841,
107,107,Chandigarh,2019,4,30.72984395,76.78414567016054,1850915,4152513817.939351,
108,108,Chandigarh,2020,1,30.72984395,76.78414567016054,2262511,5126453070.0162,
109,109,Chandigarh,2020,2,30.72984395,76.78414567016054,1528010,3847015729.6900754,
110,110,Chandigarh,2020,3,30.72984395,76.78414567016054,2158086,5089809353.365071,
111,111,Chandigarh,2020,4,30.72984395,76.78414567016054,2912716,6146762901.349342,
112,112,Chandigarh,2021,1,30.72984395,76.78414567016054,3970237,7596420859.545997,
113,113,Chandigarh,2021,2,30.72984395,76.78414567016054,4417547,8417673939.936105,
114,114,Chandigarh,2021,3,30.72984395,76.78414567016054,6649378,11815883004.693304,
115,115,Chandigarh,2021,4,30.72984395,76.78414567016054,7898903,14373583510.618458,
116,116,Chandigarh,2022,1,30.72984395,76.78414567016054,8600491,15174991549.84,
117,117,Chandigarh,2022,2,30.72984395,76.78414567016054,10772489,17283500158.370995,
118,118,Chandigarh,2022,3,30.72984395,76.78414567016054,13478173,20559757737.405853,
119,119,Chandigarh,2022,4,30.72984395,76.78414567016054,17904840,27879754566.93942,
120,120,Chhattisgarh,2018,1,21.6637359,81.8406351,1891514,2149155557.2367654,
121,121,Chhattisgarh,2018,2,21.6637359,81.8406351,2816156,4264170443.1616497,
122,122,Chhattisgarh,2018,3,21.6637359,81.8406351,3859604,6302307073.446316,
123,123,Chhattisgarh,2018,4,21.6637359,81.8406351,5365844,9416412664.971485,
124,124,Chhattisgarh,2019,1,21.6637359,81.8406351,7887669,12544556385.328442,
125,125,Chhattisgarh,2019,2,21.6637359,81.8406351,9389945,17002355688.822294,
126,126,Chhattisgarh,2019,3,21.6637359,81.8406351,12243111,19803259167.45353,
127,127,Chhattisgarh,2019,4,21.6637359,81.8406351,16305758,27143788737.213387,
128,128,Chhattisgarh,2020,1,21.6637359,81.8406351,19523991,32860597671.35623,
129,129,Chhattisgarh,2020,2,21.6637359,81.8406351,18820925,32268382206.901356,
130,130,Chhattisgarh,2020,3,21.6637359,81.8406351,24148539,41526744807.53408,
131,131,Chhattisgarh,2020,4,21.6637359,81.8406351,35529636,62214974283.94857,
132,132,Chhattisgarh,2021,1,21.6637359,81.8406351,39436437,69409843261.55156,
133,133,Chhattisgarh,2021,2,21.6637359,81.8406351,44689420,78728771259.22603,
134,134,Chhattisgarh,2021,3,21.6637359,81.8406351,64237938,104606108262.77673,
135,135,Chhattisgarh,2021,4,21.6637359,81.8406351,84717494,136399110518.81284,
136,136,Chhattisgarh,2022,1,21.6637359,81.8406351,97413292,157847045454.8345,
137,137,Chhattisgarh,2022,2,21.6637359,81.8406351,116584048,181181677163.78122,
138,138,Chhattisgarh,2022,3,21.6637359,81.8406351,158252587,220161558081.98898,
139,139,Chhattisgarh,2022,4,21.6637359,81.8406351,177960446,252519180810.47153,
140,140,Dadra and Nagar Haveli and Daman and Diu,2018,1,20.71817495,70.93238341010638,148549,175658384.1092169,
141,141,Dadra and Nagar Haveli and Daman and Diu,2018,2,20.71817495,70.93238341010638,202626,302070771.65615165,
142,142,Dadra and Nagar Haveli and Daman and Diu,2018,3,20.71817495,70.93238341010638,289575,447639595.6781753,
143,143,Dadra and Nagar Haveli and Daman and Diu,2018,4,20.71817495,70.93238341010638,404082,658750616.8008868,
144,144,Dadra and Nagar Haveli and Daman and Diu,2019,1,20.71817495,70.93238341010638,661814,843369776.0499005,
145,145,Dadra and Nagar Haveli and Daman and Diu,2019,2,20.71817495,70.93238341010638,489656,824441276.5650709,
146,146,Dadra and Nagar Haveli and Daman and Diu,2019,3,20.71817495,70.93238341010638,638751,961471473.848372,
147,147,Dadra and Nagar Haveli and Daman and Diu,2019,4,20.71817495,70.93238341010638,768971,1226641262.0110404,
148,148,Dadra and Nagar Haveli and Daman and Diu,2020,1,20.71817495,70.93238341010638,878579,1342763369.2925177,
149,149,Dadra and Nagar Haveli and Daman and Diu,2020,2,20.71817495,70.93238341010638,973152,1302376453.888058,
150,150,Dadra and Nagar Haveli and Daman and Diu,2020,3,20.71817495,70.93238341010638,1138312,1749789114.9993627,
151,151,Dadra and Nagar Haveli and Daman and Diu,2020,4,20.71817495,70.93238341010638,1817791,2700511100.8285055,
152,152,Dadra and Nagar Haveli and Daman and Diu,2021,1,20.71817495,70.93238341010638,1925244,2965632911.193505,
153,153,Dadra and Nagar Haveli and Daman and Diu,2021,2,20.71817495,70.93238341010638,2125083,3157668461.4189043,
154,154,Dadra and Nagar Haveli and Daman and Diu,2021,3,20.71817495,70.93238341010638,3129470,4305939102.791507,
155,155,Dadra and Nagar Haveli and Daman and Diu,2021,4,20.71817495,70.93238341010638,4157085,5565839386.33066,
156,156,Dadra and Nagar Haveli and Daman and Diu,2022,1,20.71817495,70.93238341010638,4802803,6237048367.262391,
157,157,Dadra and Nagar Haveli and Daman and Diu,2022,2,20.71817495,70.93238341010638,5759771,6995159780.810839,
158,158,Dadra and Nagar Haveli and Daman and Diu,2022,3,20.71817495,70.93238341010638,6465621,7520647359.499438,
159,159,Dadra and Nagar Haveli and Daman and Diu,2022,4,20.71817495,70.93238341010638,7189585,8059640746.081128,
160,160,Delhi,2018,1,28.6517178,77.2219388,7122754,11211503806.919962,
161,161,Delhi,2018,2,28.6517178,77.2219388,9373723,17446299902.205147,
162,162,Delhi,2018,3,28.6517178,77.2219388,18547048,27375846860.618565,
163,163,Delhi,2018,4,28.6517178,77.2219388,29187719,39722857618.7064,
164,164,Delhi,2019,1,28.6517178,77.2219388,47007327,58469131789.49728,
165,165,Delhi,2019,2,28.6517178,77.2219388,57171512,81706816063.6283,
166,166,Delhi,2019,3,28.6517178,77.2219388,69537876,103196812046.45685,
167,167,Delhi,2019,4,28.6517178,77.2219388,80744997,129024467424.89072,
168,168,Delhi,2020,1,28.6517178,77.2219388,81747604,133616543642.59007,
169,169,Delhi,2020,2,28.6517178,77.2219388,66042018,107873438203.33102,
170,170,Delhi,2020,3,28.6517178,77.2219388,96491861,175163962804.6606,
171,171,Delhi,2020,4,28.6517178,77.2219388,120540417,216265088224.54352,
172,172,Delhi,2021,1,28.6517178,77.2219388,157359004,266928345043.4926,
173,173,Delhi,2021,2,28.6517178,77.2219388,170157264,281941097684.54144,
174,174,Delhi,2021,3,28.6517178,77.2219388,238760608,383858316548.2811,
175,175,Delhi,2021,4,28.6517178,77.2219388,292683359,488695314062.3912,
176,176,Delhi,2022,1,28.6517178,77.2219388,330999861,536964920836.2888,
177,177,Delhi,2022,2,28.6517178,77.2219388,410634184,629855650458.2169,
178,178,Delhi,2022,3,28.6517178,77.2219388,475592161,677612647116.1163,
179,179,Delhi,2022,4,28.6517178,77.2219388,515203457,744915016018.5759,
180,180,Goa,2018,1,15.3004543,74.0855134,160897,303856742.34308386,
181,181,Goa,2018,2,15.3004543,74.0855134,229575,478603825.3586151,
182,182,Goa,2018,3,15.3004543,74.0855134,339511,713166969.238234,
183,183,Goa,2018,4,15.3004543,74.0855134,514755,1153005078.922405,
184,184,Goa,2019,1,15.3004543,74.0855134,738812,1475323397.2765768,
185,185,Goa,2019,2,15.3004543,74.0855134,768441,1591867103.3876162,
186,186,Goa,2019,3,15.3004543,74.0855134,1092416,2000367191.4968417,
187,187,Goa,2019,4,15.3004543,74.0855134,1515272,2923460348.499468,
188,188,Goa,2020,1,15.3004543,74.0855134,1881237,3410371231.923763,
189,189,Goa,2020,2,15.3004543,74.0855134,1482092,2183616430.016772,
190,190,Goa,2020,3,15.3004543,74.0855134,1915531,3368343580.94466,
191,191,Goa,2020,4,15.3004543,74.0855134,3801381,6899792747.579935,
192,192,Goa,2021,1,15.3004543,74.0855134,5331549,9757242879.021425,
193,193,Goa,2021,2,15.3004543,74.0855134,4710135,8012853587.076006,
194,194,Goa,2021,3,15.3004543,74.0855134,6467763,10478425592.936369,
195,195,Goa,2021,4,15.3004543,74.0855134,11088759,18627257115.869656,
196,196,Goa,2022,1,15.3004543,74.0855134,12214098,19816445402.84611,
197,197,Goa,2022,2,15.3004543,74.0855134,14216054,22873037759.5202,
198,198,Goa,2022,3,15.3004543,74.0855134,13188687,19574265275.70633,
199,199,Goa,2022,4,15.3004543,74.0855134,17192674,24924986371.33915,
200,200,Gujarat,2018,1,22.3850051,71.745261,5948775,7577982255.034049,
201,201,Gujarat,2018,2,22.3850051,71.745261,7745733,12162684771.641037,
202,202,Gujarat,2018,3,22.3850051,71.745261,11334149,17866404426.275486,
203,203,Gujarat,2018,4,22.3850051,71.745261,14733303,24830987102.782604,
204,204,Gujarat,2019,1,22.3850051,71.745261,24991451,35856080308.47694,
205,205,Gujarat,2019,2,22.3850051,71.745261,28981842,49320615219.26746,
206,206,Gujarat,2019,3,22.3850051,71.745261,38228649,59462694964.2678,
207,207,Gujarat,2019,4,22.3850051,71.745261,42547632,76690662054.91406,
208,208,Gujarat,2020,1,22.3850051,71.745261,47326417,86995076621.90312,
209,209,Gujarat,2020,2,22.3850051,71.745261,47420185,80387846359.49063,
210,210,Gujarat,2020,3,22.3850051,71.745261,59290179,111921752484.71222,
211,211,Gujarat,2020,4,22.3850051,71.745261,77828547,148393060112.4392,
212,212,Gujarat,2021,1,22.3850051,71.745261,94774565,183700780713.45038,
213,213,Gujarat,2021,2,22.3850051,71.745261,111841396,210162054552.1171,
214,214,Gujarat,2021,3,22.3850051,71.745261,149248407,272624626113.58823,
215,215,Gujarat,2021,4,22.3850051,71.745261,182987325,342382580053.6278,
216,216,Gujarat,2022,1,22.3850051,71.745261,210547146,392548092253.5479,
217,217,Gujarat,2022,2,22.3850051,71.745261,252052796,446798000976.8455,
218,218,Gujarat,2022,3,22.3850051,71.745261,303239732,497437502209.4494,
219,219,Gujarat,2022,4,22.3850051,71.745261,341156018,567918305336.538,
220,220,Haryana,2018,1,29.0,76.0,4480770,6793511514.660398,
221,221,Haryana,2018,2,29.0,76.0,6150931,11320414442.116419,
222,222,Haryana,2018,3,29.0,76.0,8262024,16375139007.6277,
223,223,Haryana,2018,4,29.0,76.0,12950183,25390876016.455925,
224,224,Haryana,2019,1,29.0,76.0,22135775,34051655721.631638,
225,225,Haryana,2019,2,29.0,76.0,22741816,42501539813.21622,
226,226,Haryana,2019,3,29.0,76.0,30343531,52489119199.44203,
227,227,Haryana,2019,4,29.0,76.0,37825985,69359719869.10129,
228,228,Haryana,2020,1,29.0,76.0,44036087,81976214558.24406,
229,229,Haryana,2020,2,29.0,76.0,41781050,80711264923.94069,
230,230,Haryana,2020,3,29.0,76.0,57938179,109567950445.73079,
231,231,Haryana,2020,4,29.0,76.0,83171439,159998504366.54178,
232,232,Haryana,2021,1,29.0,76.0,90252784,168938301082.42838,
233,233,Haryana,2021,2,29.0,76.0,105680856,200357354238.68405,
234,234,Haryana,2021,3,29.0,76.0,140459693,240827092259.20917,
235,235,Haryana,2021,4,29.0,76.0,169686975,309240599300.46063,
236,236,Haryana,2022,1,29.0,76.0,191988609,341304042652.7771,
237,237,Haryana,2022,2,29.0,76.0,234699962,395234035249.50635,
238,238,Haryana,2022,3,29.0,76.0,269361810,428054494578.0264,
239,239,Haryana,2022,4,29.0,76.0,296648365,490490659880.1036,
240,240,Himachal Pradesh,2018,1,31.81676015,77.34932051968858,481918,628737806.3723378,
241,241,Himachal Pradesh,2018,2,31.81676015,77.34932051968858,687695,1183169301.3511195,
242,242,Himachal Pradesh,2018,3,31.81676015,77.34932051968858,886754,1754041432.8580287,
243,243,Himachal Pradesh,2018,4,31.81676015,77.34932051968858,1307883,2621298968.139249,
244,244,Himachal Pradesh,2019,1,31.81676015,77.34932051968858,2168718,3381481442.991052,
245,245,Himachal Pradesh,2019,2,31.81676015,77.34932051968858,2502306,4875883973.6105995,
246,246,Himachal Pradesh,2019,3,31.81676015,77.34932051968858,2735180,5572018781.123335,
247,247,Himachal Pradesh,2019,4,31.81676015,77.34932051968858,3516646,7271163537.248182,
248,248,Himachal Pradesh,2020,1,31.81676015,77.34932051968858,4144480,7419466751.122686,
249,249,Himachal Pradesh,2020,2,31.81676015,77.34932051968858,4695730,8036904762.543936,
250,250,Himachal Pradesh,2020,3,31.81676015,77.34932051968858,5489876,10516054014.086983,
251,251,Himachal Pradesh,2020,4,31.81676015,77.34932051968858,7272328,13989053108.812902,
252,252,Himachal Pradesh,2021,1,31.81676015,77.34932051968858,7614029,14120546909.487528,
253,253,Himachal Pradesh,2021,2,31.81676015,77.34932051968858,9483902,16495634539.809229,
254,254,Himachal Pradesh,2021,3,31.81676015,77.34932051968858,12064167,21310262071.128036,
255,255,Himachal Pradesh,2021,4,31.81676015,77.34932051968858,14666864,26136220500.62582,
256,256,Himachal Pradesh,2022,1,31.81676015,77.34932051968858,16088180,26518447439.932808,
257,257,Himachal Pradesh,2022,2,31.81676015,77.34932051968858,21291371,33709107958.242294,
258,258,Himachal Pradesh,2022,3,31.81676015,77.34932051968858,25164868,37380782688.5404,
259,259,Himachal Pradesh,2022,4,31.81676015,77.34932051968858,28555136,41779343232.37369,
260,260,Jammu & Kashmir,2018,1,32.7185614,74.8580917,941568,1005371239.256127,
261,261,Jammu & Kashmir,2018,2,32.7185614,74.8580917,1796326,2651206236.502874,
262,262,Jammu & Kashmir,2018,3,32.7185614,74.8580917,2303961,3934700999.4576697,
263,263,Jammu & Kashmir,2018,4,32.7185614,74.8580917,2721310,5664720265.697519,
264,264,Jammu & Kashmir,2019,1,32.7185614,74.8580917,3584987,5951835476.521016,
265,265,Jammu & Kashmir,2019,2,32.7185614,74.8580917,2296355,6100142201.563506,
266,266,Jammu & Kashmir,2019,3,32.7185614,74.8580917,1116526,3744230491.782468,
267,267,Jammu & Kashmir,2019,4,32.7185614,74.8580917,489928,1929695997.8225968,
268,268,Jammu & Kashmir,2020,1,32.7185614,74.8580917,921630,2937643176.534017,
269,269,Jammu & Kashmir,2020,2,32.7185614,74.8580917,2635006,8265648939.258549,
270,270,Jammu & Kashmir,2020,3,32.7185614,74.8580917,3465898,11977229760.872473,
271,271,Jammu & Kashmir,2020,4,32.7185614,74.8580917,5754444,15380905803.378202,
272,272,Jammu & Kashmir,2021,1,32.7185614,74.8580917,6997570,17138349893.15173,
273,273,Jammu & Kashmir,2021,2,32.7185614,74.8580917,10027819,22813755428.59164,
274,274,Jammu & Kashmir,2021,3,32.7185614,74.8580917,13151041,31598443648.032127,
275,275,Jammu & Kashmir,2021,4,32.7185614,74.8580917,16790628,38926237425.771675,
276,276,Jammu & Kashmir,2022,1,32.7185614,74.8580917,16245311,33147863626.159073,
277,277,Jammu & Kashmir,2022,2,32.7185614,74.8580917,23813747,46254290836.6356,
278,278,Jammu & Kashmir,2022,3,32.7185614,74.8580917,22534394,40963554502.24823,
279,279,Jammu & Kashmir,2022,4,32.7185614,74.8580917,27316158,44315295915.49385,
280,280,Jharkhand,2018,1,23.4559809,85.2557301,2178921,2374186389.9193864,
281,281,Jharkhand,2018,2,23.4559809,85.2557301,3152080,4721575659.062854,
282,282,Jharkhand,2018,3,23.4559809,85.2557301,8122621,8661571417.704618,
283,283,Jharkhand,2018,4,23.4559809,85.2557301,6284043,10241916641.122362,
284,284,Jharkhand,2019,1,23.4559809,85.2557301,9387708,13627236449.278107,
285,285,Jharkhand,2019,2,23.4559809,85.2557301,10128211,18622701305.54632,
286,286,Jharkhand,2019,3,23.4559809,85.2557301,14220647,21465973993.359142,
287,287,Jharkhand,2019,4,23.4559809,85.2557301,18248618,28147748376.677116,
288,288,Jharkhand,2020,1,23.4559809,85.2557301,18282713,33611232153.268803,
289,289,Jharkhand,2020,2,23.4559809,85.2557301,20141511,37486201975.9236,
290,290,Jharkhand,2020,3,23.4559809,85.2557301,27068473,50622615820.01364,
291,291,Jharkhand,2020,4,23.4559809,85.2557301,39431633,72805174830.04355,
292,292,Jharkhand,2021,1,23.4559809,85.2557301,44621663,83749353123.13959,
293,293,Jharkhand,2021,2,23.4559809,85.2557301,54002145,104432643311.45796,
294,294,Jharkhand,2021,3,23.4559809,85.2557301,70795702,121891015118.85307,
295,295,Jharkhand,2021,4,23.4559809,85.2557301,96009042,166017119003.70593,
296,296,Jharkhand,2022,1,23.4559809,85.2557301,110911210,194700207087.1672,
297,297,Jharkhand,2022,2,23.4559809,85.2557301,132925275,225636227828.13782,
298,298,Jharkhand,2022,3,23.4559809,85.2557301,146815332,229412884063.95786,
299,299,Jharkhand,2022,4,23.4559809,85.2557301,175300092,277971737448.5814,
300,300,Karnataka,2018,1,14.5203896,75.7223521,12016899,19217895314.013508,
301,301,Karnataka,2018,2,14.5203896,75.7223521,17116447,33515580081.300995,
302,302,Karnataka,2018,3,14.5203896,75.7223521,25980261,48225091755.80808,
303,303,Karnataka,2018,4,14.5203896,75.7223521,44812071,73008386576.06796,
304,304,Karnataka,2019,1,14.5203896,75.7223521,86587609,117976382145.7573,
305,305,Karnataka,2019,2,14.5203896,75.7223521,115401604,163702024226.0843,
306,306,Karnataka,2019,3,14.5203896,75.7223521,170733735,214536720438.18845,
307,307,Karnataka,2019,4,14.5203896,75.7223521,237796252,295047143447.2323,
308,308,Karnataka,2020,1,14.5203896,75.7223521,271033890,353402054999.39777,
309,309,Karnataka,2020,2,14.5203896,75.7223521,213221712,321104877020.13794,
310,310,Karnataka,2020,3,14.5203896,75.7223521,300360531,470740515696.6817,
311,311,Karnataka,2020,4,14.5203896,75.7223521,431536984,658036698565.0184,
312,312,Karnataka,2021,1,14.5203896,75.7223521,523797492,754995357412.3932,
313,313,Karnataka,2021,2,14.5203896,75.7223521,530649046,837887151230.0494,
314,314,Karnataka,2021,3,14.5203896,75.7223521,753296539,1133234739157.5894,
315,315,Karnataka,2021,4,14.5203896,75.7223521,931725438,1375471324349.8733,
316,316,Karnataka,2022,1,14.5203896,75.7223521,1057855407,1566649488305.8818,
317,317,Karnataka,2022,2,14.5203896,75.7223521,1277448960,1867146114059.2336,
318,318,Karnataka,2022,3,14.5203896,75.7223521,1189761328,1665918232611.0242,
319,319,Karnataka,2022,4,14.5203896,75.7223521,1378910371,1904516622907.6436,
320,320,Kerala,2018,1,10.3528744,76.5120396,1771380,2402674753.100506,
321,321,Kerala,2018,2,10.3528744,76.5120396,2308165,3886923343.442624,
322,322,Kerala,2018,3,10.3528744,76.5120396,3134348,5323025223.875456,
323,323,Kerala,2018,4,10.3528744,76.5120396,4310654,7747361236.812409,
324,324,Kerala,2019,1,10.3528744,76.5120396,6469039,10235031134.84968,
325,325,Kerala,2019,2,10.3528744,76.5120396,7283826,13031371561.185545,
326,326,Kerala,2019,3,10.3528744,76.5120396,9286096,16429809722.064486,
327,327,Kerala,2019,4,10.3528744,76.5120396,12498637,21151326637.80475,
328,328,Kerala,2020,1,10.3528744,76.5120396,15733522,26451084830.934254,
329,329,Kerala,2020,2,10.3528744,76.5120396,16287967,25894078478.600197,
330,330,Kerala,2020,3,10.3528744,76.5120396,21758680,40164150651.95419,
331,331,Kerala,2020,4,10.3528744,76.5120396,33288187,56755256647.01138,
332,332,Kerala,2021,1,10.3528744,76.5120396,42316342,69260970161.8946,
333,333,Kerala,2021,2,10.3528744,76.5120396,47191033,74226806436.15651,
334,334,Kerala,2021,3,10.3528744,76.5120396,63028266,101686161773.12961,
335,335,Kerala,2021,4,10.3528744,76.5120396,81823741,123342136943.36371,
336,336,Kerala,2022,1,10.3528744,76.5120396,95280965,139988942464.6941,
337,337,Kerala,2022,2,10.3528744,76.5120396,106365322,154696329549.12445,
338,338,Kerala,2022,3,10.3528744,76.5120396,119362904,162260419315.4295,
339,339,Kerala,2022,4,10.3528744,76.5120396,132960468,173559808599.7097,
340,340,Ladakh,2018,1,33.9456407,77.6568576,6089,12532857.771114778,
341,341,Ladakh,2018,2,33.9456407,77.6568576,15010,47334902.53774148,
342,342,Ladakh,2018,3,33.9456407,77.6568576,24864,84090977.14484604,
343,343,Ladakh,2018,4,33.9456407,77.6568576,35211,135522842.49263743,
344,344,Ladakh,2019,1,33.9456407,77.6568576,46145,152859920.94912717,
345,345,Ladakh,2019,2,33.9456407,77.6568576,68772,259255506.99742496,
346,346,Ladakh,2019,3,33.9456407,77.6568576,92396,331129527.19382226,
347,347,Ladakh,2019,4,33.9456407,77.6568576,84706,324689360.0281116,
348,348,Ladakh,2020,1,33.9456407,77.6568576,116419,377639677.4457435,
349,349,Ladakh,2020,2,33.9456407,77.6568576,155010,523792998.6520244,
350,350,Ladakh,2020,3,33.9456407,77.6568576,228222,835487500.0581932,
351,351,Ladakh,2020,4,33.9456407,77.6568576,332134,1111963470.5079606,
352,352,Ladakh,2021,1,33.9456407,77.6568576,275415,983419813.2468792,
353,353,Ladakh,2021,2,33.9456407,77.6568576,399716,1427259095.4703195,
354,354,Ladakh,2021,3,33.9456407,77.6568576,590987,2213984743.9345884,
355,355,Ladakh,2021,4,33.9456407,77.6568576,630187,2153535138.780267,
356,356,Ladakh,2022,1,33.9456407,77.6568576,630015,2025040918.8422089,
357,357,Ladakh,2022,2,33.9456407,77.6568576,1118073,3543318177.99627,
358,358,Ladakh,2022,3,33.9456407,77.6568576,1190858,3605199350.3739047,
359,359,Ladakh,2022,4,33.9456407,77.6568576,1083372,2894477572.678949,
360,360,Lakshadweep,2018,1,10.8132489,73.6804620941119,778,1928611.1808777405,
361,361,Lakshadweep,2018,2,10.8132489,73.6804620941119,2132,6187809.5394005375,
362,362,Lakshadweep,2018,3,10.8132489,73.6804620941119,1703,4339032.311985849,
363,363,Lakshadweep,2018,4,10.8132489,73.6804620941119,1642,4463213.698222831,
364,364,Lakshadweep,2019,1,10.8132489,73.6804620941119,2481,8786130.479338994,
365,365,Lakshadweep,2019,2,10.8132489,73.6804620941119,2926,9242524.136988888,
366,366,Lakshadweep,2019,3,10.8132489,73.6804620941119,3104,9651761.46376847,
367,367,Lakshadweep,2019,4,10.8132489,73.6804620941119,3765,11269913.404923853,
368,368,Lakshadweep,2020,1,10.8132489,73.6804620941119,5151,13502368.574504208,
369,369,Lakshadweep,2020,2,10.8132489,73.6804620941119,7220,16942922.0859444,
370,370,Lakshadweep,2020,3,10.8132489,73.6804620941119,8589,21306833.308656834,
371,371,Lakshadweep,2020,4,10.8132489,73.6804620941119,11650,30111317.917080387,
372,372,Lakshadweep,2021,1,10.8132489,73.6804620941119,9085,27042782.914081153,
373,373,Lakshadweep,2021,2,10.8132489,73.6804620941119,11384,27383463.65795153,
374,374,Lakshadweep,2021,3,10.8132489,73.6804620941119,13370,38803163.69876814,
375,375,Lakshadweep,2021,4,10.8132489,73.6804620941119,15470,50998185.52838101,
376,376,Lakshadweep,2022,1,10.8132489,73.6804620941119,16397,54939432.65393007,
377,377,Lakshadweep,2022,2,10.8132489,73.6804620941119,17569,55929601.989905685,
378,378,Lakshadweep,2022,3,10.8132489,73.6804620941119,15241,47580009.61750026,
379,379,Lakshadweep,2022,4,10.8132489,73.6804620941119,17147,54813873.61493625,
380,380,Madhya Pradesh,2018,1,23.8143419,77.5340719,8025395,8681603403.44592,
381,381,Madhya Pradesh,2018,2,23.8143419,77.5340719,10561412,15924081066.679314,
382,382,Madhya Pradesh,2018,3,23.8143419,77.5340719,17126985,24149742204.672405,
383,383,Madhya Pradesh,2018,4,23.8143419,77.5340719,21397555,33905608072.967323,
384,384,Madhya Pradesh,2019,1,23.8143419,77.5340719,37301049,48070279522.047844,
385,385,Madhya Pradesh,2019,2,23.8143419,77.5340719,40846013,68334566380.55788,
386,386,Madhya Pradesh,2019,3,23.8143419,77.5340719,53610411,77676321491.2433,
387,387,Madhya Pradesh,2019,4,23.8143419,77.5340719,68131989,104687926790.85823,
388,388,Madhya Pradesh,2020,1,23.8143419,77.5340719,79366746,126737281436.19423,
389,389,Madhya Pradesh,2020,2,23.8143419,77.5340719,76340573,147922015289.06244,
390,390,Madhya Pradesh,2020,3,23.8143419,77.5340719,108579881,205701679984.53812,
391,391,Madhya Pradesh,2020,4,23.8143419,77.5340719,153652541,284275139772.3714,
392,392,Madhya Pradesh,2021,1,23.8143419,77.5340719,201998498,343533954382.2885,
393,393,Madhya Pradesh,2021,2,23.8143419,77.5340719,223314680,425500768035.6248,
394,394,Madhya Pradesh,2021,3,23.8143419,77.5340719,311443334,504412603851.5364,
395,395,Madhya Pradesh,2021,4,23.8143419,77.5340719,404308084,656887492404.5061,
396,396,Madhya Pradesh,2022,1,23.8143419,77.5340719,472703058,747665139599.6476,
397,397,Madhya Pradesh,2022,2,23.8143419,77.5340719,544899829,867024737328.5857,
398,398,Madhya Pradesh,2022,3,23.8143419,77.5340719,731259559,1032908494249.664,
399,399,Madhya Pradesh,2022,4,23.8143419,77.5340719,898828268,1302999857548.3237,
400,400,Maharashtra,2018,1,18.9068356,75.6741579,16387034,21711613257.725384,
401,401,Maharashtra,2018,2,18.9068356,75.6741579,22285740,36357057241.12072,
402,402,Maharashtra,2018,3,18.9068356,75.6741579,31538538,52260817733.247025,
403,403,Maharashtra,2018,4,18.9068356,75.6741579,46090223,79518937047.83362,
404,404,Maharashtra,2019,1,18.9068356,75.6741579,75079069,111420690920.34102,
405,405,Maharashtra,2019,2,18.9068356,75.6741579,101149853,153294470088.05832,
406,406,Maharashtra,2019,3,18.9068356,75.6741579,148735581,199617506744.9509,
407,407,Maharashtra,2019,4,18.9068356,75.6741579,201260620,272994428799.55038,
408,408,Maharashtra,2020,1,18.9068356,75.6741579,238944081,319995196718.0955,
409,409,Maharashtra,2020,2,18.9068356,75.6741579,184790761,296359517159.4149,
410,410,Maharashtra,2020,3,18.9068356,75.6741579,268310924,440307079012.445,
411,411,Maharashtra,2020,4,18.9068356,75.6741579,407621004,622155530832.2942,
412,412,Maharashtra,2021,1,18.9068356,75.6741579,517860240,769887352153.2501,
413,413,Maharashtra,2021,2,18.9068356,75.6741579,573616486,915115055623.7017,
414,414,Maharashtra,2021,3,18.9068356,75.6741579,792874060,1159257305167.4438,
415,415,Maharashtra,2021,4,18.9068356,75.6741579,1010731502,1475358473128.501,
416,416,Maharashtra,2022,1,18.9068356,75.6741579,1169506438,1681399273981.1345,
417,417,Maharashtra,2022,2,18.9068356,75.6741579,1407533113,2006272382175.8887,
418,418,Maharashtra,2022,3,18.9068356,75.6741579,1486389417,1947579187374.547,
419,419,Maharashtra,2022,4,18.9068356,75.6741579,1688775272,2210470839617.1304,
420,420,Manipur,2018,1,24.7208818,93.9229386,84069,128046173.93020903,
421,421,Manipur,2018,2,24.7208818,93.9229386,151721,253209721.31949422,
422,422,Manipur,2018,3,24.7208818,93.9229386,189258,383331244.7941224,
423,423,Manipur,2018,4,24.7208818,93.9229386,236110,605683559.3060118,
424,424,Manipur,2019,1,24.7208818,93.9229386,265409,659898060.4240792,
425,425,Manipur,2019,2,24.7208818,93.9229386,257425,722789942.1495003,
426,426,Manipur,2019,3,24.7208818,93.9229386,345008,863552002.5629344,
427,427,Manipur,2019,4,24.7208818,93.9229386,449344,1200897682.0886364,
428,428,Manipur,2020,1,24.7208818,93.9229386,818801,2598590380.8769436,
429,429,Manipur,2020,2,24.7208818,93.9229386,1083068,3198936212.805511,
430,430,Manipur,2020,3,24.7208818,93.9229386,1420168,4615976120.870506,
431,431,Manipur,2020,4,24.7208818,93.9229386,1627852,5602224558.458755,
432,432,Manipur,2021,1,24.7208818,93.9229386,2303535,7070287514.479243,
433,433,Manipur,2021,2,24.7208818,93.9229386,3086275,7889827962.396641,
434,434,Manipur,2021,3,24.7208818,93.9229386,3941396,10406861028.904854,
435,435,Manipur,2021,4,24.7208818,93.9229386,4687439,12658472038.211836,
436,436,Manipur,2022,1,24.7208818,93.9229386,5313679,14144501078.373816,
437,437,Manipur,2022,2,24.7208818,93.9229386,6105632,14922910635.149307,
438,438,Manipur,2022,3,24.7208818,93.9229386,6352742,15381430267.299725,
439,439,Manipur,2022,4,24.7208818,93.9229386,6428670,15625956698.341484,
440,440,Meghalaya,2018,1,25.5379432,91.2999102,49571,66250259.78990052,
441,441,Meghalaya,2018,2,25.5379432,91.2999102,67857,117004667.84183168,
442,442,Meghalaya,2018,3,25.5379432,91.2999102,110290,209853661.5343942,
443,443,Meghalaya,2018,4,25.5379432,91.2999102,161132,337585679.00467384,
444,444,Meghalaya,2019,1,25.5379432,91.2999102,208741,399037162.153435,
445,445,Meghalaya,2019,2,25.5379432,91.2999102,232286,492931289.107279,
446,446,Meghalaya,2019,3,25.5379432,91.2999102,306550,612218602.1535331,
447,447,Meghalaya,2019,4,25.5379432,91.2999102,365981,742436471.790219,
448,448,Meghalaya,2020,1,25.5379432,91.2999102,502283,1120134840.9078143,
449,449,Meghalaya,2020,2,25.5379432,91.2999102,635395,1153735154.3383968,
450,450,Meghalaya,2020,3,25.5379432,91.2999102,597579,1237059001.3830347,
451,451,Meghalaya,2020,4,25.5379432,91.2999102,754008,1804242572.1989708,
452,452,Meghalaya,2021,1,25.5379432,91.2999102,747646,2055515277.9898357,
453,453,Meghalaya,2021,2,25.5379432,91.2999102,909594,2193617254.8905993,
454,454,Meghalaya,2021,3,25.5379432,91.2999102,1097731,2769000451.527971,
455,455,Meghalaya,2021,4,25.5379432,91.2999102,1440193,3848765400.1861544,
456,456,Meghalaya,2022,1,25.5379432,91.2999102,1674750,4662338331.331895,
457,457,Meghalaya,2022,2,25.5379432,91.2999102,2044649,5281491421.884796,
458,458,Meghalaya,2022,3,25.5379432,91.2999102,4359165,9603300797.121548,
459,459,Meghalaya,2022,4,25.5379432,91.2999102,3932448,8996541156.348654,
460,460,Mizoram,2018,1,23.2146169,92.8687612,18561,45227219.975790836,
461,461,Mizoram,2018,2,23.2146169,92.8687612,27051,83508405.55773434,
462,462,Mizoram,2018,3,23.2146169,92.8687612,39316,116600738.1253904,
463,463,Mizoram,2018,4,23.2146169,92.8687612,55242,190426852.52952957,
464,464,Mizoram,2019,1,23.2146169,92.8687612,70306,218160895.39740252,
465,465,Mizoram,2019,2,23.2146169,92.8687612,75671,248016708.1350143,
466,466,Mizoram,2019,3,23.2146169,92.8687612,98094,278793899.9513421,
467,467,Mizoram,2019,4,23.2146169,92.8687612,125239,368689350.63448846,
468,468,Mizoram,2020,1,23.2146169,92.8687612,153609,392077579.34963703,
469,469,Mizoram,2020,2,23.2146169,92.8687612,198462,457193433.44231826,
470,470,Mizoram,2020,3,23.2146169,92.8687612,254703,707944175.5046005,
471,471,Mizoram,2020,4,23.2146169,92.8687612,322607,986522115.6939577,
472,472,Mizoram,2021,1,23.2146169,92.8687612,329575,1101105586.9459379,
473,473,Mizoram,2021,2,23.2146169,92.8687612,394340,1122874473.3020928,
474,474,Mizoram,2021,3,23.2146169,92.8687612,478529,1473748650.2119515,
475,475,Mizoram,2021,4,23.2146169,92.8687612,553329,1770665741.5230415,
476,476,Mizoram,2022,1,23.2146169,92.8687612,604917,1945158963.6112459,
477,477,Mizoram,2022,2,23.2146169,92.8687612,643977,2003186567.1089365,
478,478,Mizoram,2022,3,23.2146169,92.8687612,659038,1946265612.067954,
479,479,Mizoram,2022,4,23.2146169,92.8687612,693774,2037911085.2630196,
480,480,Nagaland,2018,1,26.1630556,94.5884911,42845,78005891.0861251,
481,481,Nagaland,2018,2,26.1630556,94.5884911,65599,153325577.88030168,
482,482,Nagaland,2018,3,26.1630556,94.5884911,94371,241792742.9366532,
483,483,Nagaland,2018,4,26.1630556,94.5884911,139333,388013467.5456238,
484,484,Nagaland,2019,1,26.1630556,94.5884911,168579,441941712.4123301,
485,485,Nagaland,2019,2,26.1630556,94.5884911,188753,520066682.1585044,
486,486,Nagaland,2019,3,26.1630556,94.5884911,261878,650956471.7134115,
487,487,Nagaland,2019,4,26.1630556,94.5884911,317170,834537138.348775,
488,488,Nagaland,2020,1,26.1630556,94.5884911,378051,894780028.7343699,
489,489,Nagaland,2020,2,26.1630556,94.5884911,517566,1137674504.347801,
490,490,Nagaland,2020,3,26.1630556,94.5884911,736319,2009649143.1547952,
491,491,Nagaland,2020,4,26.1630556,94.5884911,847825,2773084870.562686,
492,492,Nagaland,2021,1,26.1630556,94.5884911,975897,3107450484.613199,
493,493,Nagaland,2021,2,26.1630556,94.5884911,1130791,3156293963.7818685,
494,494,Nagaland,2021,3,26.1630556,94.5884911,1356792,3987416848.005448,
495,495,Nagaland,2021,4,26.1630556,94.5884911,1631483,4939083784.1364765,
496,496,Nagaland,2022,1,26.1630556,94.5884911,1925952,5544951708.895757,
497,497,Nagaland,2022,2,26.1630556,94.5884911,2031329,5740285349.020281,
498,498,Nagaland,2022,3,26.1630556,94.5884911,1894113,5364400495.05083,
499,499,Nagaland,2022,4,26.1630556,94.5884911,2476205,6969966384.314046,
500,500,Odisha,2018,1,20.5431241,84.6897321,5809821,4627632210.887483,
501,501,Odisha,2018,2,20.5431241,84.6897321,8158144,8488310339.619694,
502,502,Odisha,2018,3,20.5431241,84.6897321,30052155,23094515775.58483,
503,503,Odisha,2018,4,20.5431241,84.6897321,21142798,23429869571.561302,
504,504,Odisha,2019,1,20.5431241,84.6897321,34031942,35427127930.69965,
505,505,Odisha,2019,2,20.5431241,84.6897321,29512024,44754854871.67385,
506,506,Odisha,2019,3,20.5431241,84.6897321,41422272,57304577359.22322,
507,507,Odisha,2019,4,20.5431241,84.6897321,64995633,79769373632.05055,
508,508,Odisha,2020,1,20.5431241,84.6897321,53682307,91956798199.33315,
509,509,Odisha,2020,2,20.5431241,84.6897321,50028576,91733036612.09654,
510,510,Odisha,2020,3,20.5431241,84.6897321,66033829,122463943804.29268,
511,511,Odisha,2020,4,20.5431241,84.6897321,92324950,178302663014.61725,
512,512,Odisha,2021,1,20.5431241,84.6897321,111460358,213397736188.34085,
513,513,Odisha,2021,2,20.5431241,84.6897321,131824337,245864117477.27438,
514,514,Odisha,2021,3,20.5431241,84.6897321,177362674,303780718933.0414,
515,515,Odisha,2021,4,20.5431241,84.6897321,233925366,385251049689.9193,
516,516,Odisha,2022,1,20.5431241,84.6897321,263633499,451227311779.8239,
517,517,Odisha,2022,2,20.5431241,84.6897321,313451598,510035012340.0273,
518,518,Odisha,2022,3,20.5431241,84.6897321,386687326,564545557340.55,
519,519,Odisha,2022,4,20.5431241,84.6897321,445714743,652217064524.0004,
520,520,Puducherry,2018,1,10.91564885,79.80694879844232,104212,165825971.36983615,
521,521,Puducherry,2018,2,10.91564885,79.80694879844232,130261,285801119.53243685,
522,522,Puducherry,2018,3,10.91564885,79.80694879844232,190271,417658075.49420696,
523,523,Puducherry,2018,4,10.91564885,79.80694879844232,307964,625691665.4234948,
524,524,Puducherry,2019,1,10.91564885,79.80694879844232,501092,906473024.3065218,
525,525,Puducherry,2019,2,10.91564885,79.80694879844232,580077,1211446910.1278074,
526,526,Puducherry,2019,3,10.91564885,79.80694879844232,716826,1460708357.4554107,
527,527,Puducherry,2019,4,10.91564885,79.80694879844232,1012655,1932028317.8789027,
528,528,Puducherry,2020,1,10.91564885,79.80694879844232,1207921,2205277477.079583,
529,529,Puducherry,2020,2,10.91564885,79.80694879844232,1033383,1960030980.487591,
530,530,Puducherry,2020,3,10.91564885,79.80694879844232,1730902,3598080229.4346027,
531,531,Puducherry,2020,4,10.91564885,79.80694879844232,2716003,4930526217.671206,
532,532,Puducherry,2021,1,10.91564885,79.80694879844232,3309432,5899309571.74365,
533,533,Puducherry,2021,2,10.91564885,79.80694879844232,3751387,6498834696.543894,
534,534,Puducherry,2021,3,10.91564885,79.80694879844232,5121726,8729974431.01447,
535,535,Puducherry,2021,4,10.91564885,79.80694879844232,6368810,10423651801.230513,
536,536,Puducherry,2022,1,10.91564885,79.80694879844232,7359176,12083474905.386656,
537,537,Puducherry,2022,2,10.91564885,79.80694879844232,8643687,13778745255.768896,
538,538,Puducherry,2022,3,10.91564885,79.80694879844232,7042727,10854317711.140947,
539,539,Puducherry,2022,4,10.91564885,79.80694879844232,7556127,11142204877.174492,
540,540,Punjab,2018,1,30.9293211,75.5004841,1870433,2780758224.854396,
541,541,Punjab,2018,2,30.9293211,75.5004841,2581163,4684672212.007036,
542,542,Punjab,2018,3,30.9293211,75.5004841,3462108,7065687043.821194,
543,543,Punjab,2018,4,30.9293211,75.5004841,4887137,10781982573.64979,
544,544,Punjab,2019,1,30.9293211,75.5004841,7172137,13574490001.853165,
545,545,Punjab,2019,2,30.9293211,75.5004841,8509830,18614793394.772316,
546,546,Punjab,2019,3,30.9293211,75.5004841,10706812,22905815605.84334,
547,547,Punjab,2019,4,30.9293211,75.5004841,13698625,29989802246.192448,
548,548,Punjab,2020,1,30.9293211,75.5004841,15217784,31374185265.899666,
549,549,Punjab,2020,2,30.9293211,75.5004841,14081294,30284654252.213646,
550,550,Punjab,2020,3,30.9293211,75.5004841,17209573,40123092147.813385,
551,551,Punjab,2020,4,30.9293211,75.5004841,22997925,53775406479.555016,
552,552,Punjab,2021,1,30.9293211,75.5004841,26770835,58690887091.1067,
553,553,Punjab,2021,2,30.9293211,75.5004841,32171248,69531058562.61519,
554,554,Punjab,2021,3,30.9293211,75.5004841,42533489,85992560840.6122,
555,555,Punjab,2021,4,30.9293211,75.5004841,52359360,110710126241.99956,
556,556,Punjab,2022,1,30.9293211,75.5004841,57758302,118389978105.96286,
557,557,Punjab,2022,2,30.9293211,75.5004841,72272823,137345426369.22705,
558,558,Punjab,2022,3,30.9293211,75.5004841,84177897,149319443006.35474,
559,559,Punjab,2022,4,30.9293211,75.5004841,91835180,168107427177.93903,
560,560,Rajasthan,2018,1,26.8105777,73.7684549,7591690,8926293130.72678,
561,561,Rajasthan,2018,2,26.8105777,73.7684549,9973697,15559086175.7581,
562,562,Rajasthan,2018,3,26.8105777,73.7684549,14257098,24040768671.212444,
563,563,Rajasthan,2018,4,26.8105777,73.7684549,20959723,37909087083.33868,
564,564,Rajasthan,2019,1,26.8105777,73.7684549,43956040,61141158575.55401,
565,565,Rajasthan,2019,2,26.8105777,73.7684549,50009286,89107313172.66544,
566,566,Rajasthan,2019,3,26.8105777,73.7684549,67303617,112468290031.93028,
567,567,Rajasthan,2019,4,26.8105777,73.7684549,85074242,159452410049.6704,
568,568,Rajasthan,2020,1,26.8105777,73.7684549,102258812,190308238561.00806,
569,569,Rajasthan,2020,2,26.8105777,73.7684549,101954656,193763273003.26538,
570,570,Rajasthan,2020,3,26.8105777,73.7684549,149088676,293678306162.458,
571,571,Rajasthan,2020,4,26.8105777,73.7684549,190283435,386034779836.50433,
572,572,Rajasthan,2021,1,26.8105777,73.7684549,252730919,491492581657.6454,
573,573,Rajasthan,2021,2,26.8105777,73.7684549,287477039,561702765169.2445,
574,574,Rajasthan,2021,3,26.8105777,73.7684549,400284753,710511328542.4847,
575,575,Rajasthan,2021,4,26.8105777,73.7684549,487621597,903934418544.316,
576,576,Rajasthan,2022,1,26.8105777,73.7684549,564962220,1022050180980.1292,
577,577,Rajasthan,2022,2,26.8105777,73.7684549,661170150,1152833518600.392,
578,578,Rajasthan,2022,3,26.8105777,73.7684549,767541360,1238489256318.2766,
579,579,Rajasthan,2022,4,26.8105777,73.7684549,865574848,1456956699398.6575,
580,580,Sikkim,2018,1,27.601029,88.45413638680145,44078,64650938.940368414,
581,581,Sikkim,2018,2,27.601029,88.45413638680145,74578,143693085.52979562,
582,582,Sikkim,2018,3,27.601029,88.45413638680145,108500,235080226.95331785,
583,583,Sikkim,2018,4,27.601029,88.45413638680145,154533,383141358.0782538,
584,584,Sikkim,2019,1,27.601029,88.45413638680145,240287,457993634.38409394,
585,585,Sikkim,2019,2,27.601029,88.45413638680145,388244,738894243.4359412,
586,586,Sikkim,2019,3,27.601029,88.45413638680145,552436,884716448.4404283,
587,587,Sikkim,2019,4,27.601029,88.45413638680145,767070,1176509601.6562178,
588,588,Sikkim,2020,1,27.601029,88.45413638680145,528118,1053476271.9444021,
589,589,Sikkim,2020,2,27.601029,88.45413638680145,517731,1054618788.2612665,
590,590,Sikkim,2020,3,27.601029,88.45413638680145,596435,1400926728.660399,
591,591,Sikkim,2020,4,27.601029,88.45413638680145,735035,1919275805.1229234,
592,592,Sikkim,2021,1,27.601029,88.45413638680145,800189,2217667726.840725,
593,593,Sikkim,2021,2,27.601029,88.45413638680145,976714,2424899579.675299,
594,594,Sikkim,2021,3,27.601029,88.45413638680145,1160594,2989336863.808393,
595,595,Sikkim,2021,4,27.601029,88.45413638680145,1584345,4196783261.635808,
596,596,Sikkim,2022,1,27.601029,88.45413638680145,1744302,4367431275.863425,
597,597,Sikkim,2022,2,27.601029,88.45413638680145,2322081,5611105670.307138,
598,598,Sikkim,2022,3,27.601029,88.45413638680145,2396758,5162880543.8914585,
599,599,Sikkim,2022,4,27.601029,88.45413638680145,3058339,6458385389.419812,
600,600,Tamil Nadu,2018,1,10.9094334,78.3665347,6726622,11261557697.516676,
601,601,Tamil Nadu,2018,2,10.9094334,78.3665347,9992128,20125844276.266468,
602,602,Tamil Nadu,2018,3,10.9094334,78.3665347,15774078,29330092241.18417,
603,603,Tamil Nadu,2018,4,10.9094334,78.3665347,22457444,43302073975.894104,
604,604,Tamil Nadu,2019,1,10.9094334,78.3665347,32275045,56204036816.12997,
605,605,Tamil Nadu,2019,2,10.9094334,78.3665347,32171737,64207676025.757675,
606,606,Tamil Nadu,2019,3,10.9094334,78.3665347,41410183,78959604643.63841,
607,607,Tamil Nadu,2019,4,10.9094334,78.3665347,56596411,103190865512.54333,
608,608,Tamil Nadu,2020,1,10.9094334,78.3665347,66953473,116569686179.44038,
609,609,Tamil Nadu,2020,2,10.9094334,78.3665347,51870110,95826508896.82855,
610,610,Tamil Nadu,2020,3,10.9094334,78.3665347,70277825,143841415498.6641,
611,611,Tamil Nadu,2020,4,10.9094334,78.3665347,111179701,206473197500.99475,
612,612,Tamil Nadu,2021,1,10.9094334,78.3665347,136556674,248668143873.65067,
613,613,Tamil Nadu,2021,2,10.9094334,78.3665347,146158442,263487341026.55194,
614,614,Tamil Nadu,2021,3,10.9094334,78.3665347,204357404,365207323053.93335,
615,615,Tamil Nadu,2021,4,10.9094334,78.3665347,259155976,443723952594.80255,
616,616,Tamil Nadu,2022,1,10.9094334,78.3665347,294573150,512789201600.63257,
617,617,Tamil Nadu,2022,2,10.9094334,78.3665347,354506937,590134727678.3965,
618,618,Tamil Nadu,2022,3,10.9094334,78.3665347,393496175,631879220373.2684,
619,619,Tamil Nadu,2022,4,10.9094334,78.3665347,436316636,675689667591.4381,
620,620,Telangana,2018,1,17.8495919,79.1151663,8522766,13308204118.54235,
621,621,Telangana,2018,2,17.8495919,79.1151663,10764670,23017201517.65231,
622,622,Telangana,2018,3,17.8495919,79.1151663,19332703,32030093209.723557,
623,623,Telangana,2018,4,17.8495919,79.1151663,28921154,49509088448.04851,
624,624,Telangana,2019,1,17.8495919,79.1151663,65290702,95523262035.66469,
625,625,Telangana,2019,2,17.8495919,79.1151663,89610379,155676443182.43512,
626,626,Telangana,2019,3,17.8495919,79.1151663,121495376,201930021130.42596,
627,627,Telangana,2019,4,17.8495919,79.1151663,163572258,280746765547.74396,
628,628,Telangana,2020,1,17.8495919,79.1151663,199409525,371343780368.2161,
629,629,Telangana,2020,2,17.8495919,79.1151663,152055143,321531839352.4309,
630,630,Telangana,2020,3,17.8495919,79.1151663,236372126,505961144755.86993,
631,631,Telangana,2020,4,17.8495919,79.1151663,343643787,696350439226.9569,
632,632,Telangana,2021,1,17.8495919,79.1151663,412572110,799359264046.5896,
633,633,Telangana,2021,2,17.8495919,79.1151663,495867544,1027958332797.5839,
634,634,Telangana,2021,3,17.8495919,79.1151663,622886768,1178289126292.2537,
635,635,Telangana,2021,4,17.8495919,79.1151663,775989773,1463758189500.9102,
636,636,Telangana,2022,1,17.8495919,79.1151663,886453385,1670638169828.9746,
637,637,Telangana,2022,2,17.8495919,79.1151663,1063382557,1951414544517.0774,
638,638,Telangana,2022,3,17.8495919,79.1151663,1628165401,2706325865752.0728,
639,639,Telangana,2022,4,17.8495919,79.1151663,1819506832,2978252562916.1475,
640,640,Tripura,2018,1,23.7750823,91.7025091,148157,137978914.53062263,
641,641,Tripura,2018,2,23.7750823,91.7025091,214559,236891718.71613592,
642,642,Tripura,2018,3,23.7750823,91.7025091,377703,453863388.04059273,
643,643,Tripura,2018,4,23.7750823,91.7025091,448059,624885599.4644467,
644,644,Tripura,2019,1,23.7750823,91.7025091,580926,756894941.61582,
645,645,Tripura,2019,2,23.7750823,91.7025091,532558,841821482.8473772,
646,646,Tripura,2019,3,23.7750823,91.7025091,711717,1017377422.8172246,
647,647,Tripura,2019,4,23.7750823,91.7025091,801824,1215400160.2581897,
648,648,Tripura,2020,1,23.7750823,91.7025091,924502,1588778806.3885026,
649,649,Tripura,2020,2,23.7750823,91.7025091,1052520,1769175883.585962,
650,650,Tripura,2020,3,23.7750823,91.7025091,1317885,2341819516.215884,
651,651,Tripura,2020,4,23.7750823,91.7025091,1651890,3182130996.2213087,
652,652,Tripura,2021,1,23.7750823,91.7025091,1511423,3335341569.7934217,
653,653,Tripura,2021,2,23.7750823,91.7025091,1744429,3468154361.0362735,
654,654,Tripura,2021,3,23.7750823,91.7025091,2081200,4364133768.181475,
655,655,Tripura,2021,4,23.7750823,91.7025091,2520693,5496929464.299447,
656,656,Tripura,2022,1,23.7750823,91.7025091,2871190,6247329764.349844,
657,657,Tripura,2022,2,23.7750823,91.7025091,3418664,6878271042.035301,
658,658,Tripura,2022,3,23.7750823,91.7025091,4256579,8648352804.91114,
659,659,Tripura,2022,4,23.7750823,91.7025091,5198190,10452971818.154099,
660,660,Uttar Pradesh,2018,1,27.1303344,80.859666,12537805,13939970923.222664,
661,661,Uttar Pradesh,2018,2,27.1303344,80.859666,17710943,25720201695.699993,
662,662,Uttar Pradesh,2018,3,27.1303344,80.859666,26515356,37012114369.241066,
663,663,Uttar Pradesh,2018,4,27.1303344,80.859666,36100767,55096743575.9173,
664,664,Uttar Pradesh,2019,1,27.1303344,80.859666,57324504,76524180134.00967,
665,665,Uttar Pradesh,2019,2,27.1303344,80.859666,58883500,98917519370.67569,
666,666,Uttar Pradesh,2019,3,27.1303344,80.859666,68623959,111268137475.04973,
667,667,Uttar Pradesh,2019,4,27.1303344,80.859666,86905005,145538926507.29608,
668,668,Uttar Pradesh,2020,1,27.1303344,80.859666,97239132,172416434960.69867,
669,669,Uttar Pradesh,2020,2,27.1303344,80.859666,100851965,178744016130.28818,
670,670,Uttar Pradesh,2020,3,27.1303344,80.859666,127405259,248689955423.06284,
671,671,Uttar Pradesh,2020,4,27.1303344,80.859666,178167517,357428826778.2679,
672,672,Uttar Pradesh,2021,1,27.1303344,80.859666,204499547,396287587577.56604,
673,673,Uttar Pradesh,2021,2,27.1303344,80.859666,241949131,482172489166.3863,
674,674,Uttar Pradesh,2021,3,27.1303344,80.859666,306543384,557080841279.9348,
675,675,Uttar Pradesh,2021,4,27.1303344,80.859666,406157932,773890970072.2234,
676,676,Uttar Pradesh,2022,1,27.1303344,80.859666,473953246,883123174117.0261,
677,677,Uttar Pradesh,2022,2,27.1303344,80.859666,595298776,1067515182420.0089,
678,678,Uttar Pradesh,2022,3,27.1303344,80.859666,703589072,1121370050898.776,
679,679,Uttar Pradesh,2022,4,27.1303344,80.859666,836369071,1376378802069.5122,
680,680,Uttarakhand,2018,1,30.0417376,79.089691,1246685,1508545358.5238864,
681,681,Uttarakhand,2018,2,30.0417376,79.089691,1704122,2679755378.551041,
682,682,Uttarakhand,2018,3,30.0417376,79.089691,2229132,3726573039.858497,
683,683,Uttarakhand,2018,4,30.0417376,79.089691,3178761,5654272137.963897,
684,684,Uttarakhand,2019,1,30.0417376,79.089691,5546001,7183529175.273948,
685,685,Uttarakhand,2019,2,30.0417376,79.089691,4813275,8588532850.91849,
686,686,Uttarakhand,2019,3,30.0417376,79.089691,5710476,9729032070.017324,
687,687,Uttarakhand,2019,4,30.0417376,79.089691,7362116,12573706305.150782,
688,688,Uttarakhand,2020,1,30.0417376,79.089691,9131784,16158080258.987574,
689,689,Uttarakhand,2020,2,30.0417376,79.089691,9047770,16094187702.101019,
690,690,Uttarakhand,2020,3,30.0417376,79.089691,11818935,22103510968.006535,
691,691,Uttarakhand,2020,4,30.0417376,79.089691,17613271,31792739329.110386,
692,692,Uttarakhand,2021,1,30.0417376,79.089691,20608402,36288189399.89842,
693,693,Uttarakhand,2021,2,30.0417376,79.089691,24000432,40990817874.83823,
694,694,Uttarakhand,2021,3,30.0417376,79.089691,31042284,50527496783.56443,
695,695,Uttarakhand,2021,4,30.0417376,79.089691,40361280,66148108159.42113,
696,696,Uttarakhand,2022,1,30.0417376,79.089691,44560772,70978782500.07465,
697,697,Uttarakhand,2022,2,30.0417376,79.089691,58166878,88313371025.33424,
698,698,Uttarakhand,2022,3,30.0417376,79.089691,63996519,92641259938.36305,
699,699,Uttarakhand,2022,4,30.0417376,79.089691,77983880,115496046831.35934,
700,700,West Bengal,2018,1,22.9964948,87.6855882,11710225,10625978552.140223,
701,701,West Bengal,2018,2,22.9964948,87.6855882,18082446,18629183470.203903,
702,702,West Bengal,2018,3,22.9964948,87.6855882,53705416,41843934183.178474,
703,703,West Bengal,2018,4,22.9964948,87.6855882,36513548,40489619211.70435,
704,704,West Bengal,2019,1,22.9964948,87.6855882,47626388,50164672623.87979,
705,705,West Bengal,2019,2,22.9964948,87.6855882,47023535,57105691119.11873,
706,706,West Bengal,2019,3,22.9964948,87.6855882,66444829,70540532616.83047,
707,707,West Bengal,2019,4,22.9964948,87.6855882,96805838,88203610254.64673,
708,708,West Bengal,2020,1,22.9964948,87.6855882,66250381,96653305190.93817,
709,709,West Bengal,2020,2,22.9964948,87.6855882,57676797,100099431877.35535,
710,710,West Bengal,2020,3,22.9964948,87.6855882,79954504,156813355855.14108,
711,711,West Bengal,2020,4,22.9964948,87.6855882,100340645,199165491365.64813,
712,712,West Bengal,2021,1,22.9964948,87.6855882,118254052,242937207475.52194,
713,713,West Bengal,2021,2,22.9964948,87.6855882,141897437,279434811058.56396,
714,714,West Bengal,2021,3,22.9964948,87.6855882,181712988,362457066256.5123,
715,715,West Bengal,2021,4,22.9964948,87.6855882,225029560,462218037262.09705,
716,716,West Bengal,2022,1,22.9964948,87.6855882,260505092,551426663209.562,
717,717,West Bengal,2022,2,22.9964948,87.6855882,315742141,648575179584.2455,
718,718,West Bengal,2022,3,22.9964948,87.6855882,356792388,704749898612.1442,
719,719,West Bengal,2022,4,22.9964948,87.6855882,405847597,787775633607.2499,
